metric,g1,g2,delta
ROUGE-L,FP16,INT4,0.07780864197530864
ROUGE-L,FP16,INT8,0.08280864197530863
ROUGE-L,INT4,INT8,0.005401234567901233
