metric,quantization_level,n,W,p
F1,FP16,90,0.8453491884515687,2.9095401083274908e-8
F1,INT4,90,0.821603943023169,4.753327005155424e-9
F1,INT8,90,0.8261478416252619,6.640911309673873e-9
ROUGE-L,FP16,180,0.9606820439102434,6.167627505083092e-5
ROUGE-L,INT4,180,0.9673019514870702,3.1607060179859777e-4
ROUGE-L,INT8,180,0.9692608623601405,5.263465194919494e-4
