quantization_level,W,p,metric
FP16,0.8627188712861351,1.2248399531890865e-7,F1_transformed
INT4,0.8412055204558588,2.095719567055138e-8,F1_transformed
INT8,0.841952284053614,2.222496214093627e-8,F1_transformed
FP16,0.9918339881152238,0.4042152093764104,ROUGE-L_transformed
INT4,0.9928753129858646,0.5277999825913334,ROUGE-L_transformed
INT8,0.9920030973535229,0.42286855132167334,ROUGE-L_transformed
