metric,g1,g2,delta
F1,FP16,INT4,-0.0020987654320987733
F1,FP16,INT8,-0.019382716049382718
F1,INT4,INT8,-0.020987654320987658
